nombre,cargo,empresa,pais,correo,celular_whatsapp,notas
Pilar Baquero Gutierrez,Gerente/Jefe de Talento Humano (anterior),Arte Litografico,Colombia,,,
Elvira Reales,Jefe de Talento Humano (anterior),Costeno Beach S.A.S,Colombia,,,
Gloria Daysi Gonzalez Garcia,Jefe de Talento Humano,Laboratorios Bussie S.A,Colombia,,,
Vanessa Roa Medina,Coordinadora de Gestion Humana,Sodimac Colombia,Colombia,,,
Paula Diez,Jefe de Talento Humano (anterior),Manpower Professional,Colombia,,,
Claudia Chavarro,Jefe de talento humano,Colegio Bilingue Buckingham (Buckingham School),Colombia,,,
Leidy Villamil,Jefe de Talento Humano,Detecta Corp S.A.S.,Colombia,,,
Lisbeth Paola Ochoa Parra,Jefe de talento humano (anterior),Iluminacion Tecnologica del Caribe,Colombia,,,
Jessica Julieth Amud Lemus,Gestora de Talento Humano,Clinica San Juan de Dios La Ceja,Colombia,,,
Ximena Canon,Jefe de Talento Humano,Decameron All Inclusive Hotels & Resorts,Colombia,,,
Massiel Nayibe Moreno,Gerente de Gestion Humana / Jefe de Talento Humano,,Colombia,,,empresa actual no especificada
Ana Patricia Angulo,Jefe de Talento Humano y SST,Feis,Colombia,,,
Angela Triana,Coordinadora de Talento Humano,DICOL Ltda,Colombia,,,
Laura Andrea Baez Abril,Jefe de talento humano,Industrias Plasticas Herbeplast SAS,Colombia,,,
Enrique Leon Rodriguez,Jefe de Talento Humano,Manufacturas de Cemento S.A.,Colombia,,,
Carlos Daniel Lopez Narvaez,Director de Talento Humano,Chevrolet Autosuperior Calima Diesel,Colombia,,,
Carolina M.,Jefe de talento humano (anterior),Grupo Construccenter,Colombia,,,
Alejandra Gonzalez Henao,Jefe de talento humano,Media Commerce Partners,Colombia,,,
Ana Maria Zuluaga Salgado,Jefe de Talento Humano,IPROCOM S.A.S,Colombia,,,
Yenny Marcela Ortega Escobar,Jefe Talento Humano y SST,Arba Colombia,Colombia,,,
