nombre,cargo,empresa,ciudad,pais,correo,celular_whatsapp,fuente,notas
Alicia Haro Coello,Jefe de Talento Humano,FIDEVAL,Quito,Ecuador,,,LinkedIn - busqueda por cargo,
Maria Belen Tinajero,Jefe de Talento Humano,Pronaca,Ecuador,Ecuador,,,LinkedIn - busqueda por cargo,
Alejandra Llerena,Jefa de Talento Humano,COOPCENTRO Cooperativa de Ahorro y Credito,Quito,Ecuador,,,LinkedIn - busqueda por cargo,
Amanda Merizalde,Jefe de Talento Humano,Vivemas - Mi club mi tiempo,Ecuador,Ecuador,,,LinkedIn - busqueda por cargo,
Andres Gomez Ledesma,Jefe de Talento Humano,Antonio Pino Ycaza Cia. Ltda.,Guayaquil,Ecuador,,,LinkedIn - busqueda por cargo,
Andrea Dayana R.,Jefe de Talento Humano,"Instituto Tecnico del Petroleo, Minas e Industria",Quito,Ecuador,,,LinkedIn - busqueda por cargo,
Carolina Tinoco,Jefe de Talento Humano,Constructora Galilea - Ecuador,Guayaquil,Ecuador,,,LinkedIn - busqueda por cargo,
Zuliana Gabriela Solano Montenegro,Jefe de Talento Humano,Instituto Psiquiatrico Sagrado Corazon,Quito,Ecuador,,,LinkedIn - busqueda por cargo,
Norma Silvana Villa,Jefe de Talento Humano,CoopMego,Loja,Ecuador,,,LinkedIn - busqueda por cargo,
David Daniel Cianca Velasco,Jefe de Talento Humano,Quimpac Ecuador S.A.,"Daule, Guayas",Ecuador,,,LinkedIn - busqueda por cargo,
Nicole Arevalo Andrade,Jefe de Talento Humano,Radisson Guayaquil Hotel,Ecuador,Ecuador,,,LinkedIn - busqueda por cargo,
Ali Vinueza,Jefe de Talento Humano,Metropolitan Touring Agencia de Viajes,Quito,Ecuador,,,LinkedIn - busqueda por cargo,
Graciela Holguin Merchan,Jefe Regional de Talento Humano,Grupo Torres & Torres,Guayaquil,Ecuador,,,LinkedIn - busqueda por cargo,
Gema Sornoza Macias,Gestion de Talento Humano,,Quito,Ecuador,,,LinkedIn - busqueda por cargo,empresa no especificada en el perfil
Maria Augusta Illescas,Jefe de Talento Humano,Coac Crediamigo Ltda.,Loja,Ecuador,,,LinkedIn - busqueda por cargo,
Lenin Andres Manzaba Salazar,Jefe de Talento Humano,CNE Manabi,Portoviejo,Ecuador,,,LinkedIn - busqueda por cargo,sector publico
Alejandra Ordonez,Jefe de Talento Humano,,Ecuador,Ecuador,,,LinkedIn - busqueda por cargo,empresa no especificada en el perfil
Andres Cadena Bolanos,Jefe de Talento Humano (consultor),Independiente / Capacitacion & Consultoria,Quito,Ecuador,,,LinkedIn - busqueda por cargo,"podria ser consultor independiente, no empresa"
Catherine Camacho,Jefe de Talento Humano,,Guayaquil,Ecuador,,,LinkedIn - busqueda por cargo,empresa no especificada en el perfil
Andrea Jerez,Jefe de Talento Humano / HR Business Partner Manager,,Quito,Ecuador,,,LinkedIn - busqueda por cargo,empresa no especificada en el perfil
Sara Olalla,Jefa de Talento Humano y Cultura,,Quito,Ecuador,,,LinkedIn - busqueda por cargo,empresa no especificada en el perfil
Antonia Jima,Jefe de Talento Humano,,Quito,Ecuador,,,LinkedIn - busqueda por cargo,empresa no especificada en el perfil
Oscar Betancourt,Jefe de Talento Humano,,Quito,Ecuador,,,LinkedIn - busqueda por cargo,empresa no especificada en el perfil
Katiusca Yovani Segarra,Jefe de Talento Humano,,Guayaquil,Ecuador,,,LinkedIn - busqueda por cargo,empresa no especificada en el perfil
Johanna Zambrano Herrera,Gerente de Talento Humano,La Reforma S.A. - Papeles Absorbentes,Guayaquil,Ecuador,,,LinkedIn - busqueda por cargo,
Azucena Daza,Gerente/Jefe de Talento Humano,,Manta,Ecuador,,,LinkedIn - busqueda por cargo,empresa no especificada en el perfil
Maryory Edith Chamorro Guerra,Jefe de Talento Humano,Corpogestion,Quito,Ecuador,,,LinkedIn - busqueda por cargo,
Sandra Naranjo,Jefe de Talento Humano,COMERPOINT NEGOCIOS,Ecuador,Ecuador,,,LinkedIn - busqueda por cargo,
Jenny Aguilera,Jefe Nacional de Talento Humano,,Guayaquil,Ecuador,,,LinkedIn - busqueda por cargo,empresa no especificada en el perfil
Andrea Merino,Jefe de Talento Humano,Natuflor,Quito,Ecuador,,,LinkedIn - busqueda por cargo,
Julian Mendoza,Jefe de Talento Humano,,Ecuador,Ecuador,,,LinkedIn - busqueda por cargo,"anteriormente en Fransur, empresa actual no especificada"
Estefania Gomezcoello Rojas,Jefe de Talento Humano,ColinealCorp,Cuenca,Ecuador,frinegr@hotmail.com,,LinkedIn - banner de perfil publico,correo publicado en su propio banner de LinkedIn; solicitud de conexion enviada (estado: Pendiente)
Andrea Lopez Pereira,Jefe de Talento Humano,Leiva Corp. SAS,Santo Domingo,Ecuador,,,LinkedIn - busqueda por cargo,
Francisco Delgado M.,Contador General y Jefe de Talento Humano,BIOBAC,Guayaquil,Ecuador,,,LinkedIn - busqueda por cargo,
Yeseni Yotagri,Jefe de Talento Humano,Grupo Empresarial RECALFRENO,Quito,Ecuador,,,LinkedIn - busqueda por cargo,
Legna Valdivieso,Jefe de Talento Humano,Quest Software,Quito,Ecuador,,,LinkedIn - busqueda por cargo,
Viviana Garcia,Jefe de Talento Humano,FantasiPlast,Quito,Ecuador,,,LinkedIn - busqueda por cargo,
Maria Eulalia Rosero,Jefe de Talento Humano,OVOMAS,Ecuador,Ecuador,,,LinkedIn - busqueda por cargo,
Mateo Charvet,Jefe de Talento Humano (Oil & Gas),,Quito,Ecuador,,,LinkedIn - busqueda por cargo,"anteriormente en SHIELD PIPES, empresa actual no especificada"
Karen Andrade Carrion,Jefe de Talento Humano,Four Points by Sheraton,Cuenca,Ecuador,,,LinkedIn - busqueda por cargo,
Jose Luis Naranjo Santamaria,Jefe de Talento Humano & SSO,SMITH ENDOMED,Quito,Ecuador,,,LinkedIn - busqueda por cargo,
Karla Patricia Borja Cabezas,Jefe de la Unidad de Administracion del Talento Humano,Instituto de Seguridad Social,Quito,Ecuador,,,LinkedIn - busqueda por cargo,sector publico
Thamara Lopez,Jefe de Talento Humano,Grupo Atlas,Quito,Ecuador,,,LinkedIn - busqueda por cargo,
Cristina Cevallos,Jefe de Talento Humano,Investeam SA,Ecuador,Ecuador,,,LinkedIn - busqueda por cargo,
Lorena Barahona,Jefe de Talento Humano,Digitec S.A.,Ecuador,Ecuador,,,LinkedIn - busqueda por cargo,
Wilson Villaruel,Jefe de Talento Humano - Administrativo,Consorcio Power Electric Quito,Quito,Ecuador,,,LinkedIn - busqueda por cargo,
Roberto Ramirez,Jefe de Talento Humano,Municipio de Tulcan,Carchi,Ecuador,,,LinkedIn - busqueda por cargo,sector publico
Carolina Salazar,Jefe de Talento Humano,Centros Medicos PraxMed,Quito,Ecuador,,,LinkedIn - busqueda por cargo,
Raquel Perez,Jefe de Talento Humano,WKT Servicios Administrativos,Ecuador,Ecuador,,,LinkedIn - busqueda por cargo,
Leslie M.,Jefe de Talento Humano,TESQUIMSA,Ecuador,Ecuador,,,LinkedIn - busqueda por cargo,
Ricardo Guevara,Jefe de Talento Humano,Proano Representaciones S.A,Quito,Ecuador,,,LinkedIn - busqueda por cargo,
Azucena Baquerizo,Jefe de Talento Humano,,Guayaquil,Ecuador,,,LinkedIn - busqueda por cargo,empresa no especificada en el perfil
Alex Paul Castro Ruales,Jefe de Talento Humano,,Ecuador,Ecuador,,,LinkedIn - busqueda por cargo,empresa no especificada en el perfil
Wilma Jacome,Jefe de Talento y Cultura,,Quito,Ecuador,,,LinkedIn - busqueda por cargo,empresa no especificada en el perfil
Valeria Jaya Barahona,Jefe de Talento Humano,ALRIMALA S.A.,Quito,Ecuador,,,LinkedIn - busqueda por cargo,
Gina Reyes,Jefe de Talento Humano,,Ecuador,Ecuador,,,LinkedIn - busqueda por cargo,empresa no especificada en el perfil
Geovanny Lema,Jefe de Talento Humano,Conduto Ecuador,Quito,Ecuador,,,LinkedIn - busqueda por cargo,
Daniel Mantilla Toala,Jefe de Talento Humano,Aquagold,Guayaquil,Ecuador,,,LinkedIn - busqueda por cargo,
Denice M.,Talento Humano y Desarrollo Organizacional,,Quito,Ecuador,,,LinkedIn - busqueda por cargo,empresa no especificada en el perfil
Charlie Lopez,Jefe de Talento Humano,,Latacunga,Ecuador,,,LinkedIn - busqueda por cargo,empresa no especificada en el perfil; 3er grado de conexion
Liliana Arellano Beltran,Jefe de Talento Humano - SHEQ,Oceansecurity,Guayaquil,Ecuador,,,LinkedIn - busqueda por cargo,
Wilson Nasimba,Jefe de Talento Humano,DENMAR S.A. / Finca San Jose,Quito,Ecuador,,,LinkedIn - busqueda por cargo,
Lily Bonilla,Jefe de Talento Humano,,Ecuador,Ecuador,,,LinkedIn - busqueda por cargo,"anteriormente en GRUPO NOBOA, empresa actual no especificada"
Marlene Tumbaco,Jefe de Talento Humano,Mercanpaz S.A,Guayaquil,Ecuador,,,LinkedIn - busqueda por cargo,
Geovanna Veloz,Jefe de Talento Humano,SEDEMI SCC,Quito,Ecuador,,,LinkedIn - busqueda por cargo,
Carlos Miranda Moran,Jefe de Talento Humano,Smartproject S.A.,Guayaquil,Ecuador,,,LinkedIn - busqueda por cargo,
Marlene Carrion Montaguano,Jefe de Gestion de Talento Humano,FLEXIPLAST S.A.,Quito,Ecuador,,,LinkedIn - busqueda por cargo,
Carlos Luzuriaga Escobar,Jefe de Talento Humano,Grupo ILE / Coile S.A.,Ecuador,Ecuador,,,LinkedIn - busqueda por cargo,
Kleber Letamendi Espinoza,Jefe de Talento Humano,,Guayaquil,Ecuador,,,LinkedIn - busqueda por cargo,"anteriormente en Easymax, empresa actual no especificada"
Vanessa Zuniga Ojeda,Jefe de Talento Humano,Corporacion NOVUM / C.E.M LOJAGAS,Loja,Ecuador,,,LinkedIn - busqueda por cargo,
Daniel Lara,Jefe de Talento Humano,Administracion Zonal Calderon,Quito,Ecuador,,,LinkedIn - busqueda por cargo,sector publico
Tamara Juez Pallares,Jefe de Talento Humano,ACCLUSOL / INAPLAST,Ecuador,Ecuador,,,LinkedIn - busqueda por cargo,
Karen Pin,Jefe de Talento Humano,Supralive,Ecuador,Ecuador,,,LinkedIn - busqueda por cargo,
Anabela Villamarin,Jefe de Talento Humano,Ecuamotors,Ecuador,Ecuador,,,LinkedIn - busqueda por cargo,
Patricia Antonella Yepez Padilla,Jefa de Talento Humano,Unidad Educativa Fiscomisional Maria Auxiliadora,Ecuador,Ecuador,,,LinkedIn - busqueda por cargo,
Matico Fraga,Jefe de Talento Humano,Canala Comercial Electrica S.A.,Ecuador,Ecuador,,,LinkedIn - busqueda por cargo,
Mary Ayala,Jefe de Talento Humano y Nomina,,Quito,Ecuador,,,LinkedIn - busqueda por cargo,empresa no especificada en el perfil
Maria Gloria Valle Valles,Jefe de Talento Humano,LOCALIZA EC,Ecuador,Ecuador,,,LinkedIn - busqueda por cargo,
Paul Leonardo Moscoso Paredes,Jefe de Talento Humano,GAD Municipal de Santa Isabel,Cuenca,Ecuador,,,LinkedIn - busqueda por cargo,sector publico
Diego Gavilanes,Jefe de Talento Humano,Carrocerias Patricio Cepeda Cia. Ltda.,Ambato,Ecuador,,,LinkedIn - busqueda por cargo,
Veronica Alexandra Jarrin Duque,Jefe de Talento Humano,Mardis Cia. Ltda.,Quito,Ecuador,,,LinkedIn - busqueda por cargo,
Mercedes Yanez,Jefe de Talento Humano,TSC S.A,Ecuador,Ecuador,,,LinkedIn - busqueda por cargo,
Paulina Martin,Jefe de Talento Humano,Pinturas Ecuanobel,Ecuador,Ecuador,,,LinkedIn - busqueda por cargo,
Esmeralda Mantilla,Directora de Talento Humano,Isspol,Ecuador,Ecuador,,,LinkedIn - busqueda por cargo,sector publico/policial
Melanny Nicole Navarrete Minda,Jefe de Talento Humano,Ecuaviche,Quito,Ecuador,,,LinkedIn - busqueda por cargo,
Janeth Fajardo Gallardo,Jefe de Talento Humano,CELEC EP,Quito,Ecuador,,,LinkedIn - busqueda por cargo,empresa publica de electricidad
Richard Tulcanazo,Jefe de Talento Humano,Conduto Ecuador S.A.,Ecuador,Ecuador,,,LinkedIn - busqueda por cargo,
Sara Concepcion Talledo Gilces,Jefe de Talento Humano,Compania de Elaborados de Cafe ELCAFE C.A.,Ecuador,Ecuador,,,LinkedIn - busqueda por cargo,
Steffi Torres Reynoso,Jefe de Talento Humano,Farmavet S.A.,Ecuador,Ecuador,,,LinkedIn - busqueda por cargo,
Maria Fernanda Chicaiza Diaz,Jefe de Talento Humano,CIALCO S.A,Ecuador,Ecuador,,,LinkedIn - busqueda por cargo,
Juan Guillermo Andrade Cardenas,Jefe de Talento Humano,CRESAFE,Ecuador,Ecuador,,,LinkedIn - busqueda por cargo,
Alex Moreno,Jefe de Talento Humano,Grupo Five Food Ecuador,Ecuador,Ecuador,,,LinkedIn - busqueda por cargo,
Edgar Andres Bravo Pallares,Jefe de Talento Humano,,Quito,Ecuador,,,LinkedIn - busqueda por cargo,empresa no especificada en el perfil
Diana Tamay,Jefe de Talento Humano,Securitas Ecuador,Ecuador,Ecuador,,,LinkedIn - busqueda por cargo,
Pamela Marcillo,Jefe de Talento Humano,Compania de Elaborados de Cafe ELCAFE C.A.,Ecuador,Ecuador,,,LinkedIn - busqueda por cargo,
Denisse Alava Montufar,Jefe de Talento Humano,Consorcio Ecoaseo,Guayaquil,Ecuador,,,LinkedIn - busqueda por cargo,
Sofia Vernaza,Jefe de Talento Humano,Hularuss,Quito,Ecuador,,,LinkedIn - busqueda por cargo,
Jeniffer Bravo Intriago,Jefe de Talento Humano,SUMETALSEC SAS,Guayaquil,Ecuador,,,LinkedIn - busqueda por cargo,
Lili Salazar,Jefe de Talento Humano,OCAVIP CIA. LTDA.,Ecuador,Ecuador,,,LinkedIn - busqueda por cargo,
